Target,Group,Selected model,Forecast start,Forecast end,Expected change,Expected percent change
LinkedIn,Platform,Prophet,10.601497002964265,12.43761442647146,1.8361174235071953,17.31941652196668
TikTok,Platform,ARIMA,17.50200383811159,17.846035915164748,0.3440320770531571,1.9656725037621579
Instagram,Platform,ARIMA,29.894849823058173,30.30388521781764,0.40903539475946715,1.3682470297742535
YouTube,Platform,LSTM,95.36235046386719,94.19329833984375,-1.1690521240234375,-1.2259052991867065
Reddit,Platform,ARIMA,23.958047469331582,23.025574726905514,-0.9324727424260679,-3.892106581806032
